﻿<mockup version="5.3" minAllowVersion="5.3" ID="9C69843C-FD3F-EB11-ACBC-10DDB1E24E55" platform="MtDesktop" defaultW="800" defaultH="600" measureW="800" measureH="600" mobileScreenScale="0">
  <controls controlCount="18">
    <control controlID="F6E3EA51-FD3F-EB11-ACBC-10DDB1E24E55" controlTypeID="Shape" x="24" y="24" w="756" h="65" zOrder="0">
      <color>4290559164</color>
      <borderColor>4278190080</borderColor>
      <borderVisible>False</borderVisible>
      <font family="Times+New+Roman" displayName="Times+New+Roman+Bold" postScript="TimesNewRomanPS-BoldMT" weightStyle="Bold" weight="700" isBold="True" isItalic="False" useDefaultFontFamily="False"/>
      <text>INSTRUCTOR+PANEL%0A</text>
      <textColor>4294967295</textColor>
      <textSize>20</textSize>
      <textStyles>[fsBold]</textStyles>
      <useDefaultTextSize>False</useDefaultTextSize>
      <selectedIndex>-1</selectedIndex>
      <dashMode>SdDash</dashMode>
      <radius>8</radius>
    </control>
    <control controlID="BAF51795-FD3F-EB11-ACBC-10DDB1E24E55" controlTypeID="Table" x="24" y="138" w="233" h="90" zOrder="1">
      <font family=".AppleSystemUIFont" displayName=".AppleSystemUIFont" postScript="" weightStyle="Regular" weight="400" isBold="False" isItalic="False"/>
      <text>Instructor+ID%3A+104%09Instructor+Name%3A+Moiz%09Instructor+Address%3A+Lahore</text>
      <textAlign>HaCenter</textAlign>
      <lineSpacing>0</lineSpacing>
      <thickness>1</thickness>
      <dashMode>SdSolid</dashMode>
      <tableStyle>tsNone</tableStyle>
      <backColor>4291611852</backColor>
      <fontFamily/>
      <fontWeight>Regular</fontWeight>
      <textStyles>[]</textStyles>
      <cells>
        <cell rows="0,0" cols="0,0">
          <backColor>4293190884</backColor>
          <fontSize>12</fontSize>
          <textHAlign>HaLeft</textHAlign>
          <textVAlign>VaMiddle</textVAlign>
          <textColor>4278190080</textColor>
          <textWordWrap>True</textWordWrap>
          <fontFamily>.AppleSystemUIFont</fontFamily>
          <fontWeight>Regular</fontWeight>
          <textStyles>[]</textStyles>
          <text>Instructor+ID%3A+104</text>
          <textHeight>27</textHeight>
          <font family=".AppleSystemUIFont" displayName=".AppleSystemUIFont" postScript="" weightStyle="Regular" weight="400" isBold="False" isItalic="False"/>
        </cell>
        <cell rows="1,1" cols="0,0">
          <backColor>4294111986</backColor>
          <fontSize>12</fontSize>
          <textHAlign>HaLeft</textHAlign>
          <textVAlign>VaMiddle</textVAlign>
          <textColor>4278190080</textColor>
          <textWordWrap>True</textWordWrap>
          <fontFamily>.AppleSystemUIFont</fontFamily>
          <fontWeight>Regular</fontWeight>
          <textStyles>[]</textStyles>
          <text>Instructor+Name%3A+Moiz</text>
          <textHeight>27</textHeight>
          <font family=".AppleSystemUIFont" displayName=".AppleSystemUIFont" postScript="" weightStyle="Regular" weight="400" isBold="False" isItalic="False"/>
        </cell>
        <cell rows="2,2" cols="0,0">
          <backColor>4293190884</backColor>
          <fontSize>12</fontSize>
          <textHAlign>HaLeft</textHAlign>
          <textVAlign>VaMiddle</textVAlign>
          <textColor>4278190080</textColor>
          <textWordWrap>True</textWordWrap>
          <fontFamily>.AppleSystemUIFont</fontFamily>
          <fontWeight>Regular</fontWeight>
          <textStyles>[]</textStyles>
          <text>Instructor+Address%3A+Lahore</text>
          <textHeight>27</textHeight>
          <font family=".AppleSystemUIFont" displayName=".AppleSystemUIFont" postScript="" weightStyle="Regular" weight="400" isBold="False" isItalic="False"/>
        </cell>
      </cells>
      <rows>
        <row height="30">
          <backColor>4293190884</backColor>
          <textHAlign>HaLeft</textHAlign>
          <fontFamily/>
          <fontWeight>Regular</fontWeight>
          <textStyles>[]</textStyles>
          <isAutoRowHeight>True</isAutoRowHeight>
        </row>
        <row height="30">
          <backColor>4294111986</backColor>
          <textHAlign>HaLeft</textHAlign>
          <fontFamily/>
          <fontWeight>Regular</fontWeight>
          <textStyles>[]</textStyles>
          <isAutoRowHeight>True</isAutoRowHeight>
        </row>
        <row height="30">
          <backColor>4293190884</backColor>
          <textHAlign>HaLeft</textHAlign>
          <fontFamily/>
          <fontWeight>Regular</fontWeight>
          <textStyles>[]</textStyles>
          <isAutoRowHeight>True</isAutoRowHeight>
        </row>
      </rows>
      <cols>
        <col width="233">
          <backColor>4291611852</backColor>
          <fontFamily/>
          <fontWeight>Regular</fontWeight>
          <textStyles>[]</textStyles>
        </col>
      </cols>
      <textSize>12</textSize>
    </control>
    <control controlID="D2EFF5BC-FE3F-EB11-ACBC-10DDB1E24E55" controlTypeID="TextArea" x="408" y="137" w="372" h="90" zOrder="2">
      <borderColor>4287006342</borderColor>
      <font family=".AppleSystemUIFont" displayName=".AppleSystemUIFont" postScript="" weightStyle="Regular" weight="400" isBold="False" isItalic="False"/>
      <text>Pellentesque+iaculis%2C+augue+eu+bibendum+posuere%2C+erat+orci+vestibulum+mi%2C+id+tempor+augue+enim+ut+sapien.+Class+aptent+taciti+sociosqu+ad+litora+torquent+per+conubia+nostra%2C+per+inceptos+himenaeos.+Mauris+scelerisque+orci+sed+sapien+vulputate+aliquam.+Sed+volutpat+maximus+libero+eget+porttitor.+Ut+a+massa+porta%2C+dapibus+justo+sed%2C+varius+sapien.+Cum+sociis+natoque+penatibus+et+magnis+dis+parturient+montes%2C+nascetur+ridiculus+mus.+Praesent+neque+arcu%2C+aliquam+ut+eros+sollicitudin%2C+fermentum+venenatis+risus.+Vestibulum+eleifend+ligula+a+odio+tristique%2C+et+molestie+lacus+pretium.+Etiam+tempus+ornare+eros+vel+pharetra.+Pellentesque+in+felis+quam.+In+risus+justo%2C+congue+ut+quam+vel%2C+dictum+dapibus+nunc.%0D%0A</text>
      <textSize>12</textSize>
      <selectedIndex>-1</selectedIndex>
    </control>
    <control controlID="387D01DC-FE3F-EB11-ACBC-10DDB1E24E55" controlTypeID="Shape" x="24" y="105" w="233" h="33" zOrder="3">
      <color>4294111986</color>
      <font family=".AppleSystemUIFont" displayName=".AppleSystemUIFont" postScript="" weightStyle="Bold" weight="700" isBold="True" isItalic="False"/>
      <text>Instructor+Details</text>
      <textSize>16</textSize>
      <textStyles>[fsBold]</textStyles>
      <useDefaultTextSize>False</useDefaultTextSize>
      <selectedIndex>-1</selectedIndex>
    </control>
    <control controlID="E8BF2B00-FF3F-EB11-ACBC-10DDB1E24E55" controlTypeID="Shape" x="275" y="104" w="114" h="33" zOrder="4">
      <color>4294111986</color>
      <font family=".AppleSystemUIFont" displayName=".AppleSystemUIFont" postScript="" weightStyle="Bold" weight="700" isBold="True" isItalic="False"/>
      <text>Course+Details</text>
      <textSize>14</textSize>
      <textStyles>[fsBold]</textStyles>
      <useDefaultTextSize>False</useDefaultTextSize>
      <selectedIndex>-1</selectedIndex>
    </control>
    <control controlID="60AC263C-FF3F-EB11-ACBC-10DDB1E24E55" controlTypeID="Shape" x="408" y="104" w="372" h="33" zOrder="5">
      <color>4294111986</color>
      <font family=".AppleSystemUIFont" displayName=".AppleSystemUIFont" postScript="" weightStyle="Bold" weight="700" isBold="True" isItalic="False"/>
      <text>Notification+Panel</text>
      <textSize>16</textSize>
      <textStyles>[fsBold]</textStyles>
      <useDefaultTextSize>False</useDefaultTextSize>
      <selectedIndex>-1</selectedIndex>
    </control>
    <control controlID="8CB5915F-FF3F-EB11-ACBC-10DDB1E24E55" controlTypeID="Table" x="24" y="301" w="365" h="183" zOrder="6">
      <font family=".AppleSystemUIFont" displayName=".AppleSystemUIFont" postScript="" weightStyle="Regular" weight="400" isBold="False" isItalic="False"/>
      <text>Rregistration+ID%09Student+Name%09Student+ID%09r100101%09Moaz%09s100%09r101101%09Ali%09s101%09r103101%09Ahmad%09s103%09r104101%09Hamza%09s104</text>
      <textAlign>HaCenter</textAlign>
      <lineSpacing>0</lineSpacing>
      <thickness>1</thickness>
      <dashMode>SdSolid</dashMode>
      <tableStyle>tsNone</tableStyle>
      <fontFamily/>
      <fontWeight>Regular</fontWeight>
      <textStyles>[]</textStyles>
      <cells>
        <cell rows="0,0" cols="0,0">
          <backColor>4294111986</backColor>
          <fontFamily>.AppleSystemUIFont</fontFamily>
          <fontWeight>Bold</fontWeight>
          <textStyles>[fsBold,fsUnderline]</textStyles>
          <text>Rregistration+ID</text>
          <textHeight>27</textHeight>
          <font family=".AppleSystemUIFont" displayName=".AppleSystemUIFont" postScript="" weightStyle="Bold" weight="700" isBold="True" isItalic="False"/>
        </cell>
        <cell rows="0,0" cols="1,1">
          <backColor>4294111986</backColor>
          <fontFamily>.AppleSystemUIFont</fontFamily>
          <fontWeight>Bold</fontWeight>
          <textStyles>[fsBold,fsUnderline]</textStyles>
          <text>Student+Name</text>
          <textHeight>27</textHeight>
          <font family=".AppleSystemUIFont" displayName=".AppleSystemUIFont" postScript="" weightStyle="Bold" weight="700" isBold="True" isItalic="False"/>
        </cell>
        <cell rows="0,0" cols="2,2">
          <backColor>4294111986</backColor>
          <fontFamily>.AppleSystemUIFont</fontFamily>
          <fontWeight>Bold</fontWeight>
          <textStyles>[fsBold,fsUnderline]</textStyles>
          <text>Student+ID</text>
          <textHeight>27</textHeight>
          <font family=".AppleSystemUIFont" displayName=".AppleSystemUIFont" postScript="" weightStyle="Bold" weight="700" isBold="True" isItalic="False"/>
        </cell>
        <cell rows="1,1" cols="0,0">
          <backColor>4293190884</backColor>
          <fontFamily>.AppleSystemUIFont</fontFamily>
          <fontWeight>Regular</fontWeight>
          <textStyles>[]</textStyles>
          <text>r100101</text>
          <textHeight>27</textHeight>
          <font family=".AppleSystemUIFont" displayName=".AppleSystemUIFont" postScript="" weightStyle="Regular" weight="400" isBold="False" isItalic="False"/>
        </cell>
        <cell rows="1,1" cols="1,1">
          <backColor>4293190884</backColor>
          <fontFamily>.AppleSystemUIFont</fontFamily>
          <fontWeight>Regular</fontWeight>
          <textStyles>[]</textStyles>
          <text>Moaz</text>
          <textHeight>27</textHeight>
          <font family=".AppleSystemUIFont" displayName=".AppleSystemUIFont" postScript="" weightStyle="Regular" weight="400" isBold="False" isItalic="False"/>
        </cell>
        <cell rows="1,1" cols="2,2">
          <backColor>4293190884</backColor>
          <fontFamily>.AppleSystemUIFont</fontFamily>
          <fontWeight>Regular</fontWeight>
          <textStyles>[]</textStyles>
          <text>s100</text>
          <textHeight>27</textHeight>
          <font family=".AppleSystemUIFont" displayName=".AppleSystemUIFont" postScript="" weightStyle="Regular" weight="400" isBold="False" isItalic="False"/>
        </cell>
        <cell rows="2,2" cols="0,0">
          <backColor>4294111986</backColor>
          <fontSize>12</fontSize>
          <textHAlign>HaCenter</textHAlign>
          <textVAlign>VaMiddle</textVAlign>
          <textColor>4278190080</textColor>
          <textWordWrap>True</textWordWrap>
          <fontFamily>.AppleSystemUIFont</fontFamily>
          <fontWeight>Regular</fontWeight>
          <textStyles>[]</textStyles>
          <text>r101101</text>
          <textHeight>27</textHeight>
          <font family=".AppleSystemUIFont" displayName=".AppleSystemUIFont" postScript="" weightStyle="Regular" weight="400" isBold="False" isItalic="False"/>
        </cell>
        <cell rows="2,2" cols="1,1">
          <backColor>4294111986</backColor>
          <fontSize>12</fontSize>
          <textHAlign>HaCenter</textHAlign>
          <textVAlign>VaMiddle</textVAlign>
          <textColor>4278190080</textColor>
          <textWordWrap>True</textWordWrap>
          <fontFamily>.AppleSystemUIFont</fontFamily>
          <fontWeight>Regular</fontWeight>
          <textStyles>[]</textStyles>
          <text>Ali</text>
          <textHeight>27</textHeight>
          <font family=".AppleSystemUIFont" displayName=".AppleSystemUIFont" postScript="" weightStyle="Regular" weight="400" isBold="False" isItalic="False"/>
        </cell>
        <cell rows="2,2" cols="2,2">
          <backColor>4294111986</backColor>
          <fontSize>12</fontSize>
          <textHAlign>HaCenter</textHAlign>
          <textVAlign>VaMiddle</textVAlign>
          <textColor>4278190080</textColor>
          <textWordWrap>True</textWordWrap>
          <fontFamily>.AppleSystemUIFont</fontFamily>
          <fontWeight>Regular</fontWeight>
          <textStyles>[]</textStyles>
          <text>s101</text>
          <textHeight>27</textHeight>
          <font family=".AppleSystemUIFont" displayName=".AppleSystemUIFont" postScript="" weightStyle="Regular" weight="400" isBold="False" isItalic="False"/>
        </cell>
        <cell rows="3,3" cols="0,0">
          <backColor>4293190884</backColor>
          <fontFamily>.AppleSystemUIFont</fontFamily>
          <fontWeight>Regular</fontWeight>
          <textStyles>[]</textStyles>
          <text>r103101</text>
          <textHeight>27</textHeight>
          <font family=".AppleSystemUIFont" displayName=".AppleSystemUIFont" postScript="" weightStyle="Regular" weight="400" isBold="False" isItalic="False"/>
        </cell>
        <cell rows="3,3" cols="1,1">
          <backColor>4293190884</backColor>
          <fontSize>12</fontSize>
          <textHAlign>HaCenter</textHAlign>
          <textVAlign>VaMiddle</textVAlign>
          <textColor>4278190080</textColor>
          <textWordWrap>True</textWordWrap>
          <fontFamily>.AppleSystemUIFont</fontFamily>
          <fontWeight>Regular</fontWeight>
          <textStyles>[]</textStyles>
          <text>Ahmad</text>
          <textHeight>27</textHeight>
          <font family=".AppleSystemUIFont" displayName=".AppleSystemUIFont" postScript="" weightStyle="Regular" weight="400" isBold="False" isItalic="False"/>
        </cell>
        <cell rows="3,3" cols="2,2">
          <backColor>4293190884</backColor>
          <fontFamily>.AppleSystemUIFont</fontFamily>
          <fontWeight>Regular</fontWeight>
          <textStyles>[]</textStyles>
          <text>s103</text>
          <textHeight>27</textHeight>
          <font family=".AppleSystemUIFont" displayName=".AppleSystemUIFont" postScript="" weightStyle="Regular" weight="400" isBold="False" isItalic="False"/>
        </cell>
        <cell rows="4,4" cols="0,0">
          <backColor>4294111986</backColor>
          <fontFamily>.AppleSystemUIFont</fontFamily>
          <fontWeight>Regular</fontWeight>
          <textStyles>[]</textStyles>
          <text>r104101</text>
          <textHeight>27</textHeight>
          <font family=".AppleSystemUIFont" displayName=".AppleSystemUIFont" postScript="" weightStyle="Regular" weight="400" isBold="False" isItalic="False"/>
        </cell>
        <cell rows="4,4" cols="1,1">
          <backColor>4294111986</backColor>
          <fontSize>12</fontSize>
          <textHAlign>HaCenter</textHAlign>
          <textVAlign>VaMiddle</textVAlign>
          <textColor>4278190080</textColor>
          <textWordWrap>True</textWordWrap>
          <fontFamily>.AppleSystemUIFont</fontFamily>
          <fontWeight>Regular</fontWeight>
          <textStyles>[]</textStyles>
          <text>Hamza</text>
          <textHeight>27</textHeight>
          <font family=".AppleSystemUIFont" displayName=".AppleSystemUIFont" postScript="" weightStyle="Regular" weight="400" isBold="False" isItalic="False"/>
        </cell>
        <cell rows="4,4" cols="2,2">
          <backColor>4294111986</backColor>
          <fontFamily>.AppleSystemUIFont</fontFamily>
          <fontWeight>Regular</fontWeight>
          <textStyles>[]</textStyles>
          <text>s104</text>
          <textHeight>27</textHeight>
          <font family=".AppleSystemUIFont" displayName=".AppleSystemUIFont" postScript="" weightStyle="Regular" weight="400" isBold="False" isItalic="False"/>
        </cell>
      </cells>
      <rows>
        <row height="30">
          <backColor>4294111986</backColor>
          <fontFamily/>
          <fontWeight>Regular</fontWeight>
          <textStyles>[fsBold,fsUnderline]</textStyles>
          <isAutoRowHeight>True</isAutoRowHeight>
        </row>
        <row height="30">
          <backColor>4293190884</backColor>
          <fontFamily/>
          <fontWeight>Regular</fontWeight>
          <textStyles>[]</textStyles>
          <isAutoRowHeight>True</isAutoRowHeight>
        </row>
        <row height="41">
          <backColor>4294111986</backColor>
          <fontFamily/>
          <fontWeight>Regular</fontWeight>
          <textStyles>[]</textStyles>
          <isAutoRowHeight>False</isAutoRowHeight>
        </row>
        <row height="41">
          <backColor>4293190884</backColor>
          <fontFamily/>
          <fontWeight>Regular</fontWeight>
          <textStyles>[]</textStyles>
          <isAutoRowHeight>False</isAutoRowHeight>
        </row>
        <row height="41">
          <backColor>4294111986</backColor>
          <fontFamily/>
          <fontWeight>Regular</fontWeight>
          <textStyles>[]</textStyles>
          <isAutoRowHeight>False</isAutoRowHeight>
        </row>
      </rows>
      <cols>
        <col width="111">
          <fontFamily/>
          <fontWeight>Regular</fontWeight>
          <textStyles>[]</textStyles>
        </col>
        <col width="115">
          <fontFamily/>
          <fontWeight>Regular</fontWeight>
          <textStyles>[]</textStyles>
        </col>
        <col width="139">
          <fontFamily/>
          <fontWeight>Regular</fontWeight>
          <textStyles>[]</textStyles>
        </col>
      </cols>
      <textSize>12</textSize>
    </control>
    <control controlID="CC97ECAA-FF3F-EB11-ACBC-10DDB1E24E55" controlTypeID="Shape" x="24" y="264" w="365" h="37" zOrder="7">
      <color>4294111986</color>
      <borderColor>4278190080</borderColor>
      <font family=".AppleSystemUIFont" displayName=".AppleSystemUIFont" postScript="" weightStyle="Bold" weight="700" isBold="True" isItalic="False"/>
      <text>Currently+Enrolled+Students%0A</text>
      <textSize>16</textSize>
      <textStyles>[fsBold]</textStyles>
      <useDefaultTextSize>False</useDefaultTextSize>
      <selectedIndex>-1</selectedIndex>
    </control>
    <control controlID="BE5EB990-0240-EB11-9195-10DDB1E24E55" controlTypeID="Shape" x="599" y="502" w="181" h="62" zOrder="8">
      <color>4278190080</color>
      <links eventType="AtClick" animate="AmNone" animateAutoDelay="0" animateDuration="500">
        <link targetPageID="C857BC8C-FB3F-EB11-ACBC-10DDB1E24E55" linkType="ltPageLink" isApplyIncludePage="False" title="Teacher+login">
          <area shape="0" alt="" ID="{2C1E60EE-0240-EB11-9195-10DDB1E24E55}" coords="(0,0,181,62)"/>
        </link>
      </links>
      <font family=".AppleSystemUIFont" displayName=".AppleSystemUIFont" postScript="" weightStyle="Bold" weight="700" isBold="True" isItalic="False" useDefaultFontFamily="False"/>
      <text>LOGOUT</text>
      <textColor>4294967295</textColor>
      <textSize>16</textSize>
      <textStyles>[fsBold]</textStyles>
      <useDefaultTextSize>False</useDefaultTextSize>
      <selectedIndex>-1</selectedIndex>
      <dashMode>SdDash</dashMode>
      <borderMode>[bmRight,bmBottom]</borderMode>
      <radius>8</radius>
    </control>
    <control controlID="A45BFB41-0440-EB11-9195-10DDB1E24E55" controlTypeID="Shape" x="408" y="264" w="372" h="37" zOrder="9">
      <color>4294111986</color>
      <font family=".AppleSystemUIFont" displayName=".AppleSystemUIFont" postScript="" weightStyle="Bold" weight="700" isBold="True" isItalic="False"/>
      <text>Criteria</text>
      <textSize>16</textSize>
      <textStyles>[fsBold]</textStyles>
      <useDefaultTextSize>False</useDefaultTextSize>
      <selectedIndex>-1</selectedIndex>
    </control>
    <control controlID="C80C6666-0440-EB11-9195-10DDB1E24E55" controlTypeID="Table" x="408" y="301" w="371" h="183" zOrder="10">
      <font family=".AppleSystemUIFont" displayName=".AppleSystemUIFont" postScript="" weightStyle="Regular" weight="400" isBold="False" isItalic="False"/>
      <text>Assessment%09Weightage%09Quiz%0915%25%09Assignment%0915%25%09Mids%0925%25%09Finals%0945%25</text>
      <textAlign>HaCenter</textAlign>
      <lineSpacing>0</lineSpacing>
      <thickness>1</thickness>
      <dashMode>SdSolid</dashMode>
      <tableStyle>tsNone</tableStyle>
      <fontFamily/>
      <fontWeight>Regular</fontWeight>
      <textStyles>[]</textStyles>
      <cells>
        <cell rows="0,0" cols="0,0">
          <backColor>4293190884</backColor>
          <fontFamily>.AppleSystemUIFont</fontFamily>
          <fontWeight>Bold</fontWeight>
          <textStyles>[fsBold,fsUnderline]</textStyles>
          <text>Assessment</text>
          <textHeight>27</textHeight>
          <font family=".AppleSystemUIFont" displayName=".AppleSystemUIFont" postScript="" weightStyle="Bold" weight="700" isBold="True" isItalic="False"/>
        </cell>
        <cell rows="0,0" cols="1,1">
          <backColor>4293190884</backColor>
          <fontFamily>.AppleSystemUIFont</fontFamily>
          <fontWeight>Bold</fontWeight>
          <textStyles>[fsBold,fsUnderline]</textStyles>
          <text>Weightage</text>
          <textHeight>27</textHeight>
          <font family=".AppleSystemUIFont" displayName=".AppleSystemUIFont" postScript="" weightStyle="Bold" weight="700" isBold="True" isItalic="False"/>
        </cell>
        <cell rows="1,1" cols="0,0">
          <backColor>4294111986</backColor>
          <fontFamily>.AppleSystemUIFont</fontFamily>
          <fontWeight>Bold</fontWeight>
          <textStyles>[fsBold]</textStyles>
          <text>Quiz</text>
          <textHeight>27</textHeight>
          <font family=".AppleSystemUIFont" displayName=".AppleSystemUIFont" postScript="" weightStyle="Bold" weight="700" isBold="True" isItalic="False"/>
        </cell>
        <cell rows="1,1" cols="1,1">
          <backColor>4294111986</backColor>
          <fontFamily>.AppleSystemUIFont</fontFamily>
          <fontWeight>Regular</fontWeight>
          <textStyles>[]</textStyles>
          <text>15%25</text>
          <textHeight>27</textHeight>
          <font family=".AppleSystemUIFont" displayName=".AppleSystemUIFont" postScript="" weightStyle="Regular" weight="400" isBold="False" isItalic="False"/>
        </cell>
        <cell rows="2,2" cols="0,0">
          <backColor>4293190884</backColor>
          <fontSize>12</fontSize>
          <textHAlign>HaCenter</textHAlign>
          <textVAlign>VaMiddle</textVAlign>
          <textColor>4278190080</textColor>
          <textWordWrap>True</textWordWrap>
          <fontFamily>.AppleSystemUIFont</fontFamily>
          <fontWeight>Bold</fontWeight>
          <textStyles>[fsBold]</textStyles>
          <text>Assignment</text>
          <textHeight>27</textHeight>
          <font family=".AppleSystemUIFont" displayName=".AppleSystemUIFont" postScript="" weightStyle="Bold" weight="700" isBold="True" isItalic="False"/>
        </cell>
        <cell rows="2,2" cols="1,1">
          <backColor>4293190884</backColor>
          <fontSize>12</fontSize>
          <textHAlign>HaCenter</textHAlign>
          <textVAlign>VaMiddle</textVAlign>
          <textColor>4278190080</textColor>
          <textWordWrap>True</textWordWrap>
          <fontFamily>.AppleSystemUIFont</fontFamily>
          <fontWeight>Regular</fontWeight>
          <textStyles>[]</textStyles>
          <text>15%25</text>
          <textHeight>27</textHeight>
          <font family=".AppleSystemUIFont" displayName=".AppleSystemUIFont" postScript="" weightStyle="Regular" weight="400" isBold="False" isItalic="False"/>
        </cell>
        <cell rows="3,3" cols="0,0">
          <backColor>4294111986</backColor>
          <fontFamily>.AppleSystemUIFont</fontFamily>
          <fontWeight>Bold</fontWeight>
          <textStyles>[fsBold]</textStyles>
          <text>Mids</text>
          <textHeight>27</textHeight>
          <font family=".AppleSystemUIFont" displayName=".AppleSystemUIFont" postScript="" weightStyle="Bold" weight="700" isBold="True" isItalic="False"/>
        </cell>
        <cell rows="3,3" cols="1,1">
          <backColor>4294111986</backColor>
          <fontSize>12</fontSize>
          <textHAlign>HaCenter</textHAlign>
          <textVAlign>VaMiddle</textVAlign>
          <textColor>4278190080</textColor>
          <textWordWrap>True</textWordWrap>
          <fontFamily>.AppleSystemUIFont</fontFamily>
          <fontWeight>Regular</fontWeight>
          <textStyles>[]</textStyles>
          <text>25%25</text>
          <textHeight>27</textHeight>
          <font family=".AppleSystemUIFont" displayName=".AppleSystemUIFont" postScript="" weightStyle="Regular" weight="400" isBold="False" isItalic="False"/>
        </cell>
        <cell rows="4,4" cols="0,0">
          <backColor>4293190884</backColor>
          <fontFamily>.AppleSystemUIFont</fontFamily>
          <fontWeight>Bold</fontWeight>
          <textStyles>[fsBold]</textStyles>
          <text>Finals</text>
          <textHeight>27</textHeight>
          <font family=".AppleSystemUIFont" displayName=".AppleSystemUIFont" postScript="" weightStyle="Bold" weight="700" isBold="True" isItalic="False"/>
        </cell>
        <cell rows="4,4" cols="1,1">
          <backColor>4293190884</backColor>
          <fontSize>12</fontSize>
          <textHAlign>HaCenter</textHAlign>
          <textVAlign>VaMiddle</textVAlign>
          <textColor>4278190080</textColor>
          <textWordWrap>True</textWordWrap>
          <fontFamily>.AppleSystemUIFont</fontFamily>
          <fontWeight>Regular</fontWeight>
          <textStyles>[]</textStyles>
          <text>45%25</text>
          <textHeight>27</textHeight>
          <font family=".AppleSystemUIFont" displayName=".AppleSystemUIFont" postScript="" weightStyle="Regular" weight="400" isBold="False" isItalic="False"/>
        </cell>
      </cells>
      <rows>
        <row height="30">
          <backColor>4293190884</backColor>
          <fontFamily/>
          <fontWeight>Regular</fontWeight>
          <textStyles>[]</textStyles>
          <isAutoRowHeight>True</isAutoRowHeight>
        </row>
        <row height="30">
          <backColor>4294111986</backColor>
          <fontFamily/>
          <fontWeight>Regular</fontWeight>
          <textStyles>[]</textStyles>
          <isAutoRowHeight>True</isAutoRowHeight>
        </row>
        <row height="41">
          <backColor>4293190884</backColor>
          <fontFamily/>
          <fontWeight>Regular</fontWeight>
          <textStyles>[]</textStyles>
          <isAutoRowHeight>False</isAutoRowHeight>
        </row>
        <row height="41">
          <backColor>4294111986</backColor>
          <fontFamily/>
          <fontWeight>Regular</fontWeight>
          <textStyles>[]</textStyles>
          <isAutoRowHeight>False</isAutoRowHeight>
        </row>
        <row height="41">
          <backColor>4293190884</backColor>
          <fontFamily/>
          <fontWeight>Regular</fontWeight>
          <textStyles>[]</textStyles>
          <isAutoRowHeight>False</isAutoRowHeight>
        </row>
      </rows>
      <cols>
        <col width="128">
          <fontFamily/>
          <fontWeight>Regular</fontWeight>
          <textStyles>[]</textStyles>
        </col>
        <col width="243">
          <fontFamily/>
          <fontWeight>Regular</fontWeight>
          <textStyles>[]</textStyles>
        </col>
      </cols>
      <textSize>12</textSize>
    </control>
    <control controlID="949F9603-0540-EB11-9195-10DDB1E24E55" controlTypeID="Table" x="275" y="137" w="114" h="90" zOrder="11">
      <font family=".AppleSystemUIFont" displayName=".AppleSystemUIFont" postScript="" weightStyle="Regular" weight="400" isBold="False" isItalic="False"/>
      <text>ID%09101%09Name%09OOP</text>
      <textAlign>HaCenter</textAlign>
      <lineSpacing>0</lineSpacing>
      <thickness>1</thickness>
      <dashMode>SdSolid</dashMode>
      <tableStyle>tsNone</tableStyle>
      <fontFamily/>
      <fontWeight>Regular</fontWeight>
      <textStyles>[]</textStyles>
      <cells>
        <cell rows="0,0" cols="0,0">
          <backColor>4291414473</backColor>
          <fontFamily>.AppleSystemUIFont</fontFamily>
          <fontWeight>Regular</fontWeight>
          <textStyles>[]</textStyles>
          <text>ID</text>
          <textHeight>27</textHeight>
          <font family=".AppleSystemUIFont" displayName=".AppleSystemUIFont" postScript="" weightStyle="Regular" weight="400" isBold="False" isItalic="False"/>
        </cell>
        <cell rows="0,0" cols="1,1">
          <backColor>4294111986</backColor>
          <fontFamily>.AppleSystemUIFont</fontFamily>
          <fontWeight>Regular</fontWeight>
          <textStyles>[]</textStyles>
          <text>101</text>
          <textHeight>27</textHeight>
          <font family=".AppleSystemUIFont" displayName=".AppleSystemUIFont" postScript="" weightStyle="Regular" weight="400" isBold="False" isItalic="False"/>
        </cell>
        <cell rows="1,1" cols="0,0">
          <backColor>4291414473</backColor>
          <fontFamily>.AppleSystemUIFont</fontFamily>
          <fontWeight>Regular</fontWeight>
          <textStyles>[]</textStyles>
          <text>Name</text>
          <textHeight>27</textHeight>
          <font family=".AppleSystemUIFont" displayName=".AppleSystemUIFont" postScript="" weightStyle="Regular" weight="400" isBold="False" isItalic="False"/>
        </cell>
        <cell rows="1,1" cols="1,1">
          <backColor>4294111986</backColor>
          <fontFamily>.AppleSystemUIFont</fontFamily>
          <fontWeight>Regular</fontWeight>
          <textStyles>[]</textStyles>
          <text>OOP</text>
          <textHeight>27</textHeight>
          <font family=".AppleSystemUIFont" displayName=".AppleSystemUIFont" postScript="" weightStyle="Regular" weight="400" isBold="False" isItalic="False"/>
        </cell>
      </cells>
      <rows>
        <row height="39">
          <fontFamily/>
          <fontWeight>Regular</fontWeight>
          <textStyles>[]</textStyles>
          <isAutoRowHeight>False</isAutoRowHeight>
        </row>
        <row height="51">
          <fontFamily/>
          <fontWeight>Regular</fontWeight>
          <textStyles>[]</textStyles>
          <isAutoRowHeight>False</isAutoRowHeight>
        </row>
      </rows>
      <cols>
        <col width="56">
          <fontFamily/>
          <fontWeight>Regular</fontWeight>
          <textStyles>[]</textStyles>
        </col>
        <col width="58">
          <fontFamily/>
          <fontWeight>Regular</fontWeight>
          <textStyles>[]</textStyles>
        </col>
      </cols>
      <textSize>12</textSize>
    </control>
    <control controlID="EED7FE6C-0540-EB11-9195-10DDB1E24E55" controlTypeID="Shape" x="408" y="502" w="174" h="62" zOrder="12">
      <color>4284900966</color>
      <interactiveData>
        <entry title="">
          <area shape="0" alt="" ID="{A8592A14-0640-EB11-9195-10DDB1E24E55}" coords="(0,0,174,62)"/>
          <events title="">
            <event eventType="atClick" isChecked="True">
              <behaviour title="" isChecked="True" isWait="False" isLoop="False" execMode="emParallel">
                <target targetID="4A39D618-0640-EB11-9195-10DDB1E24E55" isChecked="True" isAutoRecovery="False" isLoop="False" execMode="emSequence">
                  <command name="Popup State Change" isChecked="True" descrition="">
                    <param name="AniInterpolation" value="0" varType="3" description=""/>
                    <param name="AniDuration" value="200" varType="3" description=""/>
                    <param name="AniAutoReverse" value="False" varType="11" description=""/>
                    <param name="AniLoop" value="False" varType="11" description=""/>
                    <param name="AniInterpolationTypeOut" value="False" varType="11" description=""/>
                    <param name="Delay" value="0" varType="3" description=""/>
                    <param name="Value" value="2" varType="3" description=""/>
                    <param name="AniType" value="0" varType="3" description=""/>
                  </command>
                </target>
              </behaviour>
            </event>
          </events>
        </entry>
      </interactiveData>
      <font family=".AppleSystemUIFont" displayName=".AppleSystemUIFont" postScript="" weightStyle="Bold" weight="700" isBold="True" isItalic="False"/>
      <text>Switch+to+PF(100)+Panel%0A</text>
      <textSize>16</textSize>
      <textStyles>[fsBold]</textStyles>
      <useDefaultTextSize>False</useDefaultTextSize>
      <selectedIndex>-1</selectedIndex>
      <dashMode>SdDash</dashMode>
      <borderMode>[bmRight,bmBottom]</borderMode>
      <radius>8</radius>
    </control>
    <control controlID="4A39D618-0640-EB11-9195-10DDB1E24E55" controlTypeID="PopupPanel" x="338" y="508" w="46" h="46" zOrder="13">
      <groupChildrenDescriptors>
        <control controlID="5853D618-0640-EB11-9195-10DDB1E24E55" controlTypeID="Panel" x="0" y="0" w="800" h="600" zOrder="0">
          <locked>True</locked>
          <color>1879048192</color>
          <borderVisible>False</borderVisible>
          <canMove>False</canMove>
          <alias>background</alias>
          <groupChildrenDescriptors>
            <control controlID="C068D618-0640-EB11-9195-10DDB1E24E55" controlTypeID="Border" x="0" y="0" w="800" h="600" zOrder="0">
              <borderVisible>False</borderVisible>
              <alias>borderLayer</alias>
              <textSize>12</textSize>
            </control>
          </groupChildrenDescriptors>
          <thinkness>1</thinkness>
          <textSize>12</textSize>
        </control>
        <control controlID="0682D618-0640-EB11-9195-10DDB1E24E55" controlTypeID="PopupPanelContent" x="27" y="495" w="361" h="85" zOrder="1">
          <color>16777215</color>
          <alias>content</alias>
          <groupChildrenDescriptors>
            <control controlID="22B77A2D-0640-EB11-9195-10DDB1E24E55" controlTypeID="Shape" x="0" y="0" w="361" h="85" zOrder="0">
              <font family=".AppleSystemUIFont" displayName=".AppleSystemUIFont" postScript="" weightStyle="Bold" weight="700" isBold="True" isItalic="False"/>
              <text>Redirects+to+PF(100)+page+-+will+be+same+as+this+one+but+different+details+of+course+and+student</text>
              <textStyles>[fsBold]</textStyles>
              <selectedIndex>-1</selectedIndex>
              <textSize>12</textSize>
            </control>
          </groupChildrenDescriptors>
          <textSize>12</textSize>
        </control>
      </groupChildrenDescriptors>
      <textSize>12</textSize>
    </control>
  </controls>
  <param>
    <backgroundColor>4291624959</backgroundColor>
    <fontSize>12</fontSize>
    <fontFamily>.AppleSystemUIFont</fontFamily>
    <guideLines/>
  </param>
</mockup>