﻿<mockup version="5.3" minAllowVersion="5.3" ID="4E078FD5-FA3F-EB11-ACBC-10DDB1E24E55" platform="MtDesktop" defaultW="800" defaultH="600" measureW="800" measureH="600" mobileScreenScale="0">
  <controls controlCount="12">
    <control controlID="C227CB88-F93F-EB11-ACBC-10DDB1E24E55" controlTypeID="Panel" x="201" y="182" w="385" h="335" zOrder="0">
      <groupChildrenDescriptors>
        <control controlID="E23ECB88-F93F-EB11-ACBC-10DDB1E24E55" controlTypeID="Border" x="0" y="0" w="385" h="335" zOrder="0">
          <alias>borderLayer</alias>
        </control>
      </groupChildrenDescriptors>
      <thinkness>1</thinkness>
    </control>
    <control controlID="90B4E8D9-F83F-EB11-ACBC-10DDB1E24E55" controlTypeID="BrowserWindow" x="-8" y="0" w="813" h="600" zOrder="1">
      <font family=".AppleSystemUIFont" displayName=".AppleSystemUIFont" postScript="" weightStyle="Regular" weight="400" isBold="False" isItalic="False"/>
      <text>CMS%0Ahttps%3A%2F%2Fwww.oop-cms.com</text>
      <textVAlign>VaTop</textVAlign>
      <lineSpacing>0</lineSpacing>
      <selectedIndex>-1</selectedIndex>
    </control>
    <control controlID="58FA7D31-F93F-EB11-ACBC-10DDB1E24E55" controlTypeID="Image" x="-8" y="75" w="808" h="494" zOrder="2">
      <URL>967D11CAEA979A7C502512AEE3710B37.png</URL>
    </control>
    <control controlID="AAC35CCD-F93F-EB11-ACBC-10DDB1E24E55" controlTypeID="Shape" x="256" y="263" w="281" h="58" zOrder="3">
      <color>4288782753</color>
      <font family=".AppleSystemUIFont" displayName=".AppleSystemUIFont" postScript="" weightStyle="Bold" weight="700" isBold="True" isItalic="False" useDefaultFontFamily="False"/>
      <text>Welcome+to+OOP+-+CMS%0A</text>
      <textColor>4294967295</textColor>
      <textSize>20</textSize>
      <textStyles>[fsBold]</textStyles>
      <useDefaultTextSize>False</useDefaultTextSize>
      <selectedIndex>-1</selectedIndex>
      <radius>8</radius>
    </control>
    <control controlID="E40C4B97-FA3F-EB11-ACBC-10DDB1E24E55" controlTypeID="Image" x="356" y="123" w="80" h="72" zOrder="4">
      <URL>2D57CC2E11C93DC7682F134F0B25DF8E.png</URL>
    </control>
    <control controlID="9086E9EA-FB3F-EB11-ACBC-10DDB1E24E55" controlTypeID="Shape" x="137" y="365" w="120" h="120" zOrder="5">
      <color>4293190884</color>
      <links eventType="AtClick" animate="AmNone" animateAutoDelay="0" animateDuration="500">
        <link targetPageID="2E22DD81-FB3F-EB11-ACBC-10DDB1E24E55" linkType="ltPageLink" isApplyIncludePage="False" title="Student+login">
          <area shape="0" alt="" ID="{68F92ABD-FC3F-EB11-ACBC-10DDB1E24E55}" coords="(0,0,120,120)"/>
        </link>
      </links>
      <font family=".AppleSystemUIFont" displayName=".AppleSystemUIFont" postScript="" weightStyle="Bold" weight="700" isBold="True" isItalic="False" useDefaultFontFamily="False"/>
      <text>%0ASTUDENT%0ALOGIN%0A</text>
      <textStyles>[fsBold]</textStyles>
      <selectedIndex>-1</selectedIndex>
      <dashMode>SdDash</dashMode>
      <radius>8</radius>
    </control>
    <control controlID="CC1322EE-FB3F-EB11-ACBC-10DDB1E24E55" controlTypeID="Shape" x="323" y="365" w="120" h="120" zOrder="6">
      <color>4293190884</color>
      <links eventType="AtClick" animate="AmNone" animateAutoDelay="0" animateDuration="500">
        <link targetPageID="38F7A76D-E03D-EB11-A96F-10DDB1E24E55" linkType="ltPageLink" isApplyIncludePage="False" title="Admin+login">
          <area shape="0" alt="" ID="{B8352BBD-FC3F-EB11-ACBC-10DDB1E24E55}" coords="(0,0,120,120)"/>
        </link>
      </links>
      <font family=".AppleSystemUIFont" displayName=".AppleSystemUIFont" postScript="" weightStyle="Bold" weight="700" isBold="True" isItalic="False" useDefaultFontFamily="False"/>
      <text>%0AADMIN%0A+LOGIN</text>
      <textStyles>[fsBold]</textStyles>
      <selectedIndex>-1</selectedIndex>
      <dashMode>SdDash</dashMode>
      <radius>8</radius>
    </control>
    <control controlID="DE50FCF1-FB3F-EB11-ACBC-10DDB1E24E55" controlTypeID="Shape" x="496" y="365" w="120" h="120" zOrder="7">
      <color>4293190884</color>
      <links eventType="AtClick" animate="AmNone" animateAutoDelay="0" animateDuration="500">
        <link targetPageID="C857BC8C-FB3F-EB11-ACBC-10DDB1E24E55" linkType="ltPageLink" isApplyIncludePage="False" title="Teacher+login">
          <area shape="0" alt="" ID="{FE712BBD-FC3F-EB11-ACBC-10DDB1E24E55}" coords="(0,0,120,120)"/>
        </link>
      </links>
      <font family=".AppleSystemUIFont" displayName=".AppleSystemUIFont" postScript="" weightStyle="Bold" weight="700" isBold="True" isItalic="False" useDefaultFontFamily="False"/>
      <text>%0AINSTRUCTOR+%0ALOGIN</text>
      <textStyles>[fsBold]</textStyles>
      <selectedIndex>-1</selectedIndex>
      <dashMode>SdDash</dashMode>
      <radius>8</radius>
    </control>
    <control controlID="CEAF1482-0940-EB11-9195-10DDB1E24E55" controlTypeID="Icon" x="185" y="383" w="24" h="24" zOrder="8">
      <icon>
        <ID/>
        <iconFontName>jdFontAwesome</iconFontName>
        <iconCode>61870</iconCode>
      </icon>
      <URL>756987B0DEBCFC9671BF5AE2B93F9EE5.svg</URL>
    </control>
    <control controlID="C6752EB4-0940-EB11-9195-10DDB1E24E55" controlTypeID="Icon" x="374" y="383" w="24" h="24" zOrder="9">
      <icon>
        <ID/>
        <iconFontName>jdIonicons</iconFontName>
        <iconCode>62168</iconCode>
      </icon>
      <URL>A4BBA5CCC7880CC1D7108AAE4A99AB6E.svg</URL>
    </control>
    <control controlID="D6786ECA-0940-EB11-9195-10DDB1E24E55" controlTypeID="Icon" x="544" y="383" w="24" h="24" zOrder="10">
      <icon>
        <ID/>
        <iconFontName>jdiconfontB</iconFontName>
        <iconCode>59649</iconCode>
      </icon>
      <URL>0124E8D4E6F0271691F1863280217ED5.svg</URL>
    </control>
  </controls>
  <param>
    <backgroundColor>4291624959</backgroundColor>
    <fontSize>12</fontSize>
    <fontFamily>.AppleSystemUIFont</fontFamily>
    <guideLines/>
  </param>
</mockup>