﻿<mockup version="5.3" minAllowVersion="5.3" ID="C857BC8C-FB3F-EB11-ACBC-10DDB1E24E55" platform="MtDesktop" defaultW="800" defaultH="600" measureW="800" measureH="600" mobileScreenScale="0">
  <controls controlCount="10">
    <control controlID="C227CB88-F93F-EB11-ACBC-10DDB1E24E55" controlTypeID="Panel" x="201" y="182" w="385" h="335" zOrder="0">
      <groupChildrenDescriptors>
        <control controlID="E23ECB88-F93F-EB11-ACBC-10DDB1E24E55" controlTypeID="Border" x="0" y="0" w="385" h="335" zOrder="0">
          <alias>borderLayer</alias>
          <textSize>12</textSize>
        </control>
      </groupChildrenDescriptors>
      <thinkness>1</thinkness>
      <textSize>12</textSize>
    </control>
    <control controlID="90B4E8D9-F83F-EB11-ACBC-10DDB1E24E55" controlTypeID="BrowserWindow" x="-8" y="0" w="813" h="600" zOrder="1">
      <font family=".AppleSystemUIFont" displayName=".AppleSystemUIFont" postScript="" weightStyle="Regular" weight="400" isBold="False" isItalic="False"/>
      <text>CMS%0Ahttps%3A%2F%2Fwww.oop-cms.com</text>
      <textVAlign>VaTop</textVAlign>
      <lineSpacing>0</lineSpacing>
      <selectedIndex>-1</selectedIndex>
      <textSize>12</textSize>
    </control>
    <control controlID="58FA7D31-F93F-EB11-ACBC-10DDB1E24E55" controlTypeID="Image" x="-8" y="75" w="808" h="494" zOrder="2">
      <URL>967D11CAEA979A7C502512AEE3710B37.png</URL>
      <textSize>12</textSize>
    </control>
    <control controlID="B41ECAB9-F93F-EB11-ACBC-10DDB1E24E55" controlTypeID="Shape" x="255" y="249" w="275" h="40" zOrder="3">
      <font family=".AppleSystemUIFont" displayName=".AppleSystemUIFont" postScript="" weightStyle="Bold" weight="700" isBold="True" isItalic="False"/>
      <text>++++++++++++Instructor+ID%0A</text>
      <textAlign>HaLeft</textAlign>
      <textStyles>[fsBold]</textStyles>
      <selectedIndex>-1</selectedIndex>
      <textSize>12</textSize>
    </control>
    <control controlID="AAC35CCD-F93F-EB11-ACBC-10DDB1E24E55" controlTypeID="Shape" x="254" y="354" w="275" h="55" zOrder="4">
      <color>4281545676</color>
      <borderColor>10040217</borderColor>
      <borderVisible>False</borderVisible>
      <links eventType="AtClick" animate="AmNone" animateAutoDelay="0" animateDuration="500">
        <link targetPageID="2661EDAF-0340-EB11-9195-10DDB1E24E55" linkType="ltPageLink" isApplyIncludePage="False" title="Teacher+Page">
          <area shape="0" alt="" ID="{14A01950-0540-EB11-9195-10DDB1E24E55}" coords="(0,0,275,55)"/>
        </link>
      </links>
      <font family="Times+New+Roman" displayName="Times+New+Roman+Bold" postScript="TimesNewRomanPS-BoldMT" weightStyle="Bold" weight="700" isBold="True" isItalic="False" useDefaultFontFamily="False"/>
      <text>Login</text>
      <textColor>4294967295</textColor>
      <textSize>16</textSize>
      <textStyles>[fsBold]</textStyles>
      <useDefaultTextSize>False</useDefaultTextSize>
      <selectedIndex>-1</selectedIndex>
      <dashMode>SdDash</dashMode>
      <radius>8</radius>
    </control>
    <control controlID="680C39E5-F93F-EB11-ACBC-10DDB1E24E55" controlTypeID="Shape" x="254" y="299" w="275" h="40" zOrder="5">
      <font family=".AppleSystemUIFont" displayName=".AppleSystemUIFont" postScript="" weightStyle="Bold" weight="700" isBold="True" isItalic="False"/>
      <text>++++++++++++Password%0A</text>
      <textAlign>HaLeft</textAlign>
      <textStyles>[fsBold]</textStyles>
      <selectedIndex>-1</selectedIndex>
      <textSize>12</textSize>
    </control>
    <control controlID="E40C4B97-FA3F-EB11-ACBC-10DDB1E24E55" controlTypeID="Image" x="356" y="123" w="80" h="72" zOrder="6">
      <links eventType="AtClick" animate="AmNone" animateAutoDelay="0" animateDuration="500">
        <link targetPageID="4E078FD5-FA3F-EB11-ACBC-10DDB1E24E55" linkType="ltPageLink" isApplyIncludePage="False" title="main">
          <area shape="0" alt="" ID="{604AEDD9-FC3F-EB11-ACBC-10DDB1E24E55}" coords="(0,0,80,72)"/>
        </link>
      </links>
      <URL>2D57CC2E11C93DC7682F134F0B25DF8E.png</URL>
      <textSize>12</textSize>
    </control>
    <control controlID="A2531F18-FB3F-EB11-ACBC-10DDB1E24E55" controlTypeID="Icon" x="259" y="305" w="24" h="24" zOrder="7">
      <icon>
        <ID/>
        <iconFontName>jdIonicons</iconFontName>
        <iconCode>62389</iconCode>
      </icon>
      <URL>55C509DCC57A2607EB5EAD2A290F3B8D.svg</URL>
      <textSize>12</textSize>
    </control>
    <control controlID="BAC95044-FB3F-EB11-ACBC-10DDB1E24E55" controlTypeID="Icon" x="259" y="259" w="25" h="25" zOrder="8">
      <icon>
        <ID/>
        <iconFontName>jdIonicons</iconFontName>
        <iconCode>62187</iconCode>
      </icon>
      <URL>B006535552ADCF3C660B10FA6D267D70.svg</URL>
      <textSize>12</textSize>
    </control>
  </controls>
  <param>
    <backgroundColor>4291624959</backgroundColor>
    <fontSize>12</fontSize>
    <fontFamily>.AppleSystemUIFont</fontFamily>
    <guideLines/>
  </param>
</mockup>