﻿<mockup version="5.3" minAllowVersion="5.3" ID="38F7A76D-E03D-EB11-A96F-10DDB1E24E55" platform="MtDesktop" defaultW="800" defaultH="600" measureW="800" measureH="600" mobileScreenScale="0">
  <controls controlCount="8">
    <control controlID="C227CB88-F93F-EB11-ACBC-10DDB1E24E55" controlTypeID="Panel" x="201" y="182" w="385" h="335" zOrder="0">
      <groupChildrenDescriptors>
        <control controlID="E23ECB88-F93F-EB11-ACBC-10DDB1E24E55" controlTypeID="Border" x="0" y="0" w="385" h="335" zOrder="0">
          <alias>borderLayer</alias>
        </control>
      </groupChildrenDescriptors>
      <thinkness>1</thinkness>
    </control>
    <control controlID="90B4E8D9-F83F-EB11-ACBC-10DDB1E24E55" controlTypeID="BrowserWindow" x="-8" y="0" w="813" h="600" zOrder="1">
      <font family=".AppleSystemUIFont" displayName=".AppleSystemUIFont" postScript="" weightStyle="Regular" weight="400" isBold="False" isItalic="False"/>
      <text>CMS%0Ahttps%3A%2F%2Fwww.oop-cms.com</text>
      <textVAlign>VaTop</textVAlign>
      <lineSpacing>0</lineSpacing>
      <selectedIndex>-1</selectedIndex>
    </control>
    <control controlID="58FA7D31-F93F-EB11-ACBC-10DDB1E24E55" controlTypeID="Image" x="-8" y="75" w="808" h="494" zOrder="2">
      <URL>967D11CAEA979A7C502512AEE3710B37.png</URL>
    </control>
    <control controlID="B41ECAB9-F93F-EB11-ACBC-10DDB1E24E55" controlTypeID="Shape" x="255" y="249" w="275" h="40" zOrder="3">
      <font family=".AppleSystemUIFont" displayName=".AppleSystemUIFont" postScript="" weightStyle="Bold" weight="700" isBold="True" isItalic="False"/>
      <text>++Username%0A</text>
      <textAlign>HaLeft</textAlign>
      <textStyles>[fsBold]</textStyles>
      <selectedIndex>-1</selectedIndex>
    </control>
    <control controlID="AAC35CCD-F93F-EB11-ACBC-10DDB1E24E55" controlTypeID="Shape" x="254" y="354" w="275" h="55" zOrder="4">
      <color>4281545676</color>
      <borderColor>10040217</borderColor>
      <borderVisible>False</borderVisible>
      <font family="Times+New+Roman" displayName="Times+New+Roman+Bold" postScript="TimesNewRomanPS-BoldMT" weightStyle="Bold" weight="700" isBold="True" isItalic="False" useDefaultFontFamily="False"/>
      <text>Login</text>
      <textColor>4294967295</textColor>
      <textSize>16</textSize>
      <textStyles>[fsBold]</textStyles>
      <useDefaultTextSize>False</useDefaultTextSize>
      <selectedIndex>-1</selectedIndex>
      <dashMode>SdDash</dashMode>
      <radius>8</radius>
    </control>
    <control controlID="680C39E5-F93F-EB11-ACBC-10DDB1E24E55" controlTypeID="Shape" x="254" y="299" w="275" h="40" zOrder="5">
      <font family=".AppleSystemUIFont" displayName=".AppleSystemUIFont" postScript="" weightStyle="Bold" weight="700" isBold="True" isItalic="False"/>
      <text>++Password%0A</text>
      <textAlign>HaLeft</textAlign>
      <textStyles>[fsBold]</textStyles>
      <selectedIndex>-1</selectedIndex>
    </control>
    <control controlID="E40C4B97-FA3F-EB11-ACBC-10DDB1E24E55" controlTypeID="Image" x="356" y="123" w="80" h="72" zOrder="6">
      <URL>2D57CC2E11C93DC7682F134F0B25DF8E.png</URL>
    </control>
  </controls>
  <param>
    <backgroundColor>4294967295</backgroundColor>
    <fontSize>0</fontSize>
    <fontFamily/>
    <guideLines/>
  </param>
</mockup>