﻿<project version="2.9" name="attempt1" ID="E4F5A76D-E03D-EB11-A96F-10DDB1E24E55">
  <params>
    <pageParam version="5.3" minAllowVersion="5.3"/>
    <projectParam version="2.9" minAllowVersion="2.9" platform="MtDesktop" pageSize="(800,600)" backgroundColor="4291624959" fontSize="12" fontFamily=".AppleSystemUIFont" projectType="ptPersonalProject" isShowTitleIndex="False"/>
    <previewParam version="1.0"/>
    <colorParam version="1.0"/>
  </params>
  <pages>
    <page name="Student login" ID="2E22DD81-FB3F-EB11-ACBC-10DDB1E24E55" expanded="True" code="C7kDkSPh4w" thumbCode="v4N9uAMiT2" status="psWhite" isfolder="False" isshownode="True">
      <images>
        <image key="B006535552ADCF3C660B10FA6D267D70.svg"/>
        <image key="2D57CC2E11C93DC7682F134F0B25DF8E.png"/>
        <image key="967D11CAEA979A7C502512AEE3710B37.png"/>
        <image key="55C509DCC57A2607EB5EAD2A290F3B8D.svg"/>
      </images>
    </page>
    <page name="main" ID="4E078FD5-FA3F-EB11-ACBC-10DDB1E24E55" expanded="True" code="CsrSKckm64" thumbCode="CsrSKckm64" status="psWhite" isfolder="False" isshownode="True">
      <images>
        <image key="A4BBA5CCC7880CC1D7108AAE4A99AB6E.svg"/>
        <image key="0124E8D4E6F0271691F1863280217ED5.svg"/>
        <image key="2D57CC2E11C93DC7682F134F0B25DF8E.png"/>
        <image key="967D11CAEA979A7C502512AEE3710B37.png"/>
        <image key="756987B0DEBCFC9671BF5AE2B93F9EE5.svg"/>
      </images>
    </page>
    <page name="Admin login" ID="38F7A76D-E03D-EB11-A96F-10DDB1E24E55" expanded="True" code="TxtfHex22V" thumbCode="DkzAVL37CP" isLastOpen="True" status="psWhite" isfolder="False" isshownode="True">
      <images>
        <image key="B006535552ADCF3C660B10FA6D267D70.svg"/>
        <image key="2D57CC2E11C93DC7682F134F0B25DF8E.png"/>
        <image key="967D11CAEA979A7C502512AEE3710B37.png"/>
        <image key="55C509DCC57A2607EB5EAD2A290F3B8D.svg"/>
      </images>
    </page>
    <page name="Teacher login" ID="C857BC8C-FB3F-EB11-ACBC-10DDB1E24E55" expanded="True" code="YYDHR8WtBo" thumbCode="5YmsEjsKwl" status="psWhite" isfolder="False" isshownode="True">
      <images>
        <image key="B006535552ADCF3C660B10FA6D267D70.svg"/>
        <image key="2D57CC2E11C93DC7682F134F0B25DF8E.png"/>
        <image key="967D11CAEA979A7C502512AEE3710B37.png"/>
        <image key="55C509DCC57A2607EB5EAD2A290F3B8D.svg"/>
      </images>
    </page>
    <page name="Student page" ID="9C69843C-FD3F-EB11-ACBC-10DDB1E24E55" expanded="True" code="Ci9Oq3POF6" thumbCode="T1A9Cskdgl" status="psWhite" isfolder="False" isshownode="True"/>
    <page name="Teacher Page" ID="2661EDAF-0340-EB11-9195-10DDB1E24E55" expanded="True" code="XsXNFyBs3M" thumbCode="21oqgbhkYm" status="psWhite" isfolder="False" isshownode="True"/>
    <page name="Admin Page" ID="FCC32672-0640-EB11-9195-10DDB1E24E55" expanded="True" code="Ga2Yr7L5Eh" thumbCode="Ga2Yr7L5Eh" status="psWhite" isfolder="False" isshownode="True"/>
  </pages>
  <trash>
    <page name="Page" ID="BC960A8D-E03D-EB11-A96F-10DDB1E24E55" expanded="True" code="itRyb84r9E" thumbCode="hgb6weKlvs" isLastOpen="True" status="psWhite" isfolder="False" isshownode="True"/>
    <page name="Login1" ID="E489955B-FB3F-EB11-ACBC-10DDB1E24E55" expanded="True" code="DulnV7Xjk4" thumbCode="" isLastOpen="True" status="psWhite" isfolder="False" isshownode="True">
      <images>
        <image key="2D57CC2E11C93DC7682F134F0B25DF8E.png"/>
        <image key="967D11CAEA979A7C502512AEE3710B37.png"/>
      </images>
    </page>
    <page name="Login" ID="9AA6955B-FB3F-EB11-ACBC-10DDB1E24E55" expanded="False" code="NYkqocTr8f" thumbCode="" status="psWhite" isfolder="False" isshownode="True">
      <images>
        <image key="B006535552ADCF3C660B10FA6D267D70.svg"/>
        <image key="2D57CC2E11C93DC7682F134F0B25DF8E.png"/>
        <image key="967D11CAEA979A7C502512AEE3710B37.png"/>
        <image key="55C509DCC57A2607EB5EAD2A290F3B8D.svg"/>
      </images>
    </page>
    <page name="Page" ID="6CF300FD-0140-EB11-9195-10DDB1E24E55" expanded="True" code="8Ud1uOSFQa" thumbCode="ONe2mV1iZd" isLastOpen="True" status="psWhite" isfolder="False" isshownode="True"/>
  </trash>
  <deletes/>
  <masters/>
  <images>
    <image key="A4BBA5CCC7880CC1D7108AAE4A99AB6E.svg"/>
    <image key="0124E8D4E6F0271691F1863280217ED5.svg"/>
    <image key="756987B0DEBCFC9671BF5AE2B93F9EE5.svg"/>
    <image key="B006535552ADCF3C660B10FA6D267D70.svg"/>
    <image key="2D57CC2E11C93DC7682F134F0B25DF8E.png"/>
    <image key="967D11CAEA979A7C502512AEE3710B37.png"/>
    <image key="55C509DCC57A2607EB5EAD2A290F3B8D.svg"/>
  </images>
</project>